{"Vehicle_No":{"0":1,"1":2,"2":3},"demand":{"0":[0,11,15,17,0],"1":[0,10,16,15,0],"2":[0,15,18,14,0]},"path":{"0":[[80.9462,26.8467],[80.9647528651,26.9168714348],[80.9019272746,26.9101445621],[80.9070788433,26.9003365712],[80.9462,26.8467]],"1":[[80.9462,26.8467],[80.8923449782,26.8421233928],[80.8479832857,26.7967646653],[80.8598738031,26.904523785],[80.9462,26.8467]],"2":[[80.9462,26.8467],[80.9154347535,26.754042205],[81.0102351082,26.7240288833],[81.0788612632,26.7891022602],[80.9462,26.8467]]},"color":{"0":"#4E2C07","1":"#55BB96","2":"#45B071"}}