{"Vehicle_No":{"0":1,"1":2,"2":3},"demand":{"0":[0,15,17,15,0],"1":[0,11,10,16,0],"2":[0,14,18,15,0]},"path":{"0":[[78.1772,26.2124],[78.0908738031,26.270223785],[78.1380788433,26.2660365712],[78.1329272746,26.2758445621],[78.1772,26.2124]],"1":[[78.1772,26.2124],[78.1957528651,26.2825714348],[78.1233449782,26.2078233928],[78.0789832857,26.1624646653],[78.1772,26.2124]],"2":[[78.1772,26.2124],[78.3098612632,26.1548022602],[78.2412351082,26.0897288833],[78.1464347535,26.119742205],[78.1772,26.2124]]},"color":{"0":"#B0C388","1":"#E50A69","2":"#EAE1F7"}}