{"Vehicle_No":{"0":1,"1":2,"2":3},"demand":{"0":[0,15,17,11,0],"1":[0,15,18,14,0],"2":[0,10,16,15,0]},"path":{"0":[[72.5714,23.0225],[72.5271272746,23.0859445621],[72.5322788433,23.0761365712],[72.5899528651,23.0926714348],[72.5714,23.0225]],"1":[[72.5714,23.0225],[72.5406347535,22.929842205],[72.6354351082,22.8998288833],[72.7040612632,22.9649022602],[72.5714,23.0225]],"2":[[72.5714,23.0225],[72.5175449782,23.0179233928],[72.4731832857,22.9725646653],[72.4850738031,23.080323785],[72.5714,23.0225]]},"color":{"0":"#290A3D","1":"#59F314","2":"#83FEC8"}}