{"Vehicle_No":{"0":1,"1":2,"2":3},"demand":{"0":[0,14,18,15,0],"1":[0,17,11,10,0],"2":[0,15,15,16,0]},"path":{"0":[[91.7898,26.1433],[91.9224612632,26.0857022602],[91.8538351082,26.0206288833],[91.7590347535,26.050642205],[91.7898,26.1433]],"1":[[91.7898,26.1433],[91.7506788433,26.1969365712],[91.8083528651,26.2134714348],[91.7359449782,26.1387233928],[91.7898,26.1433]],"2":[[91.7898,26.1433],[91.7455272746,26.2067445621],[91.7034738031,26.201123785],[91.6915832857,26.0933646653],[91.7898,26.1433]]},"color":{"0":"#DA4C24","1":"#0000C6","2":"#C2645D"}}