{"Vehicle_No":{"0":1,"1":2,"2":3},"demand":{"0":[0,17,11,15,0],"1":[0,15,16,10,0],"2":[0,15,18,14,0]},"path":{"0":[[80.2707,13.0827],[80.2667878843,13.0880636571],[80.2725552865,13.0897171435],[80.2662727275,13.0890444562],[80.2707,13.0827]],"1":[[80.2707,13.0827],[80.2620673803,13.0884823785],[80.2608783286,13.0777064665],[80.2653144978,13.0822423393],[80.2707,13.0827]],"2":[[80.2707,13.0827],[80.2676234754,13.0734342205],[80.2771035108,13.0704328883],[80.2839661263,13.076940226],[80.2707,13.0827]]},"color":{"0":"#2AB4C5","1":"#CF965E","2":"#122907"}}