{"Vehicle_No":{"0":1,"1":2,"2":3},"demand":{"0":[0,15,18,16,0],"1":[0,15,17,11,0],"2":[0,15,14,10,0]},"path":{"0":[[83.2185,17.6868],[83.2154234754,17.6775342205],[83.2249035108,17.6745328883],[83.2086783286,17.6818064665],[83.2185,17.6868]],"1":[[83.2185,17.6868],[83.2140727275,17.6931444562],[83.2145878843,17.6921636571],[83.2203552865,17.6938171435],[83.2185,17.6868]],"2":[[83.2185,17.6868],[83.2098673803,17.6925823785],[83.2317661263,17.681040226],[83.2131144978,17.6863423393],[83.2185,17.6868]]},"color":{"0":"#82A6AB","1":"#75E883","2":"#55AE38"}}