{"Vehicle_No":{"0":1,"1":2,"2":3},"demand":{"0":[0,11,14,18,0],"1":[0,15,17,15,0],"2":[0,10,15,16,0]},"path":{"0":[[72.8777,19.076],[72.8962528651,19.1461714348],[73.0103612632,19.0184022602],[72.9417351082,18.9533288833],[72.8777,19.076]],"1":[[72.8777,19.076],[72.7913738031,19.133823785],[72.8385788433,19.1296365712],[72.8334272746,19.1394445621],[72.8777,19.076]],"2":[[72.8777,19.076],[72.8238449782,19.0714233928],[72.8469347535,18.983342205],[72.7794832857,19.0260646653],[72.8777,19.076]]},"color":{"0":"#AF3B55","1":"#289F57","2":"#2788D4"}}